Dte;Barris;Total;ZeroAnys;UnAny;DosAnys;TresAnys;QuatreAnys;CincAnys;SisAnys;SetAnys;VuitAnys;NouAnys;DeuAnys;OnzeAnys;DotzeAnys;TretzeAnys;CatorzeAnys;QuinzeAnys;SetzeAnys;DisetAnys;DivuiAnys;DinouAnys;VintAnys;VintIUnAnys;VintIDosAnys;VintITresAnys;VintICuatreAnys;VintICincAnys;VintISisAnys;VintISetAnys;VintIVuitAnys;VintINouAnys;TrentaAnys;TrentaUnAnys;TrentaDosAnys;TrentaTresAnys;TrentaQuatreAnys;TrentaCincAnys;TrentaSisAnys;TrentaSetAnys;TrentaVuitAnys;TrentaNouAnys;QuarantaAnys;QuarantaUnAnys;QuarantaDosAnys;QuarantaTresAnys;QuarantaQuatreAnys;QuarantaCincAnys;QurantaSisAnys;QuarantaSetAnys;QuarantaVuitAnys;QuarantaNouAnys;CinquantaAnys;CinquantaUnAnys;CinquantaDosAnys;CinquantaTresAnys;CinquantaQuatreAnys;CinquantaCincAnys;CinquantaSisAnys;CinquantaSetAnys;CinquantaVuitAnys;CinquantaNouAnys;SeixantaAnys;SeixantaUnAnys;SeixantaDosAnys;SeixantaTresAnys;SeixantaQuatreAnys;SeixantaCincAnys;SeixantaSisAnys;SeixantaSetAnys;SeixantaVuitAnys;SeixantaNouAnys;SetantaAnys;SetantaUnAnys;SetantaDosAnys;SetantaTresAnys;SetantaQuatreAnys;SetantaCincAnys;SetantaSisAnys;SetantaSetAnys;SetantaVuitAnys;SetantaNouAnys;VuitantaAnys;VuitantaUnAnys;VuitantaDosAnys;VuitantaTresAnys;VuitantaQuatreAnys;VuitantaCincAnys;VuitantaSisAnys;VuitantaSetAnys;VuitantaVuitAnys;VuitantaNouAnys;NourantaAnys;NourantaUnAnys;NourantaDosAnys;NourantaTresAnys;NourantaQuatreAnys;NourantaCincAnysIMes
BARCELONA;;1.611.822;12.592;14.224;13.975;14.011;14.465;13.719;13.79;13.419;13.41;13.107;12.735;12.351;12.795;12.633;12.052;12.541;12.161;12.414;12.941;13.483;14.217;14.346;15.268;16.718;17.936;19.047;20.713;22.299;23.814;24.69;26.325;27.274;27.797;28.04;28.894;28.957;29.064;29.06;28.286;27.291;26.547;25.831;24.962;24.217;23.778;23.675;23.809;23.748;23.719;22.538;22.255;21.521;21.536;21.338;21.18;20.542;19.638;19.304;18.189;18.462;18.326;17.523;17.707;18.664;19.24;17.865;17.157;18.051;17.047;16.368;14.009;13.727;16.732;9.802;11.831;13.894;14.69;14.086;13.852;14.009;13.438;12.691;12.506;11.001;10.167;9.36;8.71;7.574;6.848;5.58;4.788;3.829;2.987;2.191;1.678;4.251
1;1. el Raval;48.8;455;493;462;449;453;404;426;395;326;357;356;349;347;352;343;351;343;361;378;439;493;591;678;769;776;846;957;995;1.109;1.125;1.187;1.224;1.227;1.307;1.217;1.242;1.185;1.074;1.099;1.007;981;909;922;893;844;771;755;726;668;624;615;577;574;520;524;479;450;416;344;398;346;333;341;323;334;303;296;334;283;280;237;248;289;183;256;250;288;280;241;266;252;206;208;203;206;171;170;155;140;101;69;77;68;35;32;59
1;2. el Barri Gòtic;16.267;80;106;117;92;86;95;79;131;103;91;90;89;82;71;67;84;62;73;84;86;111;133;214;226;284;324;349;414;450;425;449;446;429;402;403;392;402;362;344;336;326;294;262;278;278;264;255;223;220;208;220;199;199;218;194;169;196;157;158;151;153;145;149;122;137;120;120;126;114;123;99;80;105;66;88;87;109;96;82;95;90;88;105;85;55;69;67;73;61;45;42;37;23;22;18;39
1;3. la Barceloneta;15.503;95;102;115;101;100;95;115;100;102;85;91;87;98;87;95;84;106;86;86;96;145;134;158;224;219;231;268;306;308;369;368;354;385;329;354;324;342;328;311;309;264;258;246;251;205;216;212;222;215;211;205;174;166;204;175;168;150;162;179;137;127;121;137;119;153;133;147;141;142;123;110;114;142;87;111;135;142;133;137;145;152;122;132;98;90;100;86;69;78;76;45;37;38;17;16;36
1;4. Sant Pere, Santa Caterina i la Ribera;22.769;160;206;167;168;185;137;153;134;146;147;114;118;115;146;118;131;141;132;159;187;158;177;221;260;339;382;443;483;501;605;645;627;669;606;583;581;514;583;515;476;482;436;380;370;386;337;321;350;320;275;271;278;241;233;244;233;227;210;196;167;162;185;196;168;184;168;172;180;139;155;148;139;176;100;113;154;130;136;111;143;153;143;163;127;119;124;104;90;86;66;64;36;33;15;28;70
2;5. el Fort Pienc;31.738;227;241;283;243;250;252;250;249;248;212;264;217;241;230;246;226;215;240;240;243;243;267;303;346;384;382;449;487;554;523;579;563;544;552;607;642;591;580;525;516;502;524;460;447;441;419;440;458;445;422;453;431;429;441;459;418;405;408;399;377;366;324;382;391;407;354;340;340;331;296;272;303;296;201;193;238;271;286;278;246;262;261;235;227;185;182;147;162;123;127;107;96;83;49;50;95
2;6. la Sagrada Família;51.806;380;387;365;368;352;345;366;346;349;338;342;316;367;379;342;334;338;392;382;397;424;433;471;523;593;649;713;746;878;920;942;945;995;939;998;945;949;888;866;817;760;813;765;713;711;763;754;762;793;719;745;714;734;725;726;699;649;699;664;641;580;594;574;600;639;573;559;545;549;471;439;441;502;278;300;446;468;443;470;470;417;456;448;425;386;357;351;319;295;218;181;172;135;91;81;165
2;7. la Dreta de l'Eixample;43.384;320;378;356;382;339;374;359;351;323;323;322;309;315;328;315;321;335;280;317;322;354;358;388;458;508;554;582;655;699;684;756;769;742;730;751;802;780;792;764;739;686;690;645;632;568;593;659;629;643;589;587;547;619;553;591;576;560;521;531;485;542;476;473;527;511;436;448;447;448;431;364;353;427;244;259;291;339;326;307;333;383;346;368;296;324;317;270;239;251;184;196;169;154;99;106;262
2;8. l'Antiga Esquerra de l'Eixample;41.773;249;319;306;315;323;319;305;311;311;293;276;279;287;294;292;263;277;278;269;348;339;345;371;386;495;561;625;705;750;772;762;828;767;755;810;737;772;769;714;678;663;602;623;606;583;567;565;623;612;623;556;571;569;574;568;549;498;514;442;493;505;435;443;465;479;460;427;423;390;390;353;377;438;246;298;356;376;370;331;362;350;351;324;314;321;281;267;221;241;177;158;139;117;68;76;188
2;9. la Nova Esquerra de l'Eixample;57.819;409;429;429;404;454;393;381;412;418;407;391;394;397;370;385;406;398;395;449;458;506;531;534;658;759;777;829;949;940;979;1.034;1.011;1.053;1.035;1.013;959;1.006;1.03;969;836;819;859;798;790;812;758;807;770;760;786;780;760;785;815;817;797;806;719;699;767;779;721;762;747;745;702;636;680;636;594;526;532;658;347;433;515;489;524;452;475;508;468;448;401;360;374;361;301;292;237;208;152;132;91;75;167
2;10. Sant Antoni;38.26;260;301;262;272;275;266;244;246;266;272;245;254;247;241;266;249;246;272;266;278;314;300;361;350;424;434;531;591;629;651;697;720;743;763;779;730;681;640;681;633;584;535;571;605;578;534;537;624;549;535;529;561;504;472;488;476;464;452;446;414;440;406;425;435;431;397;402;413;374;389;353;330;417;244;304;351;390;340;328;369;376;335;326;315;275;287;272;236;195;163;147;124;89;65;45;134
3;11. el Poble Sec - Parc Montjuïc;40.984;299;371;355;362;353;295;324;335;314;271;304;248;296;286;308;283;270;317;322;288;355;381;402;440;490;519;607;689;747;792;890;901;914;851;919;892;902;875;870;800;765;712;682;698;659;659;628;642;610;538;617;544;481;530;499;506;436;448;401;412;368;366;340;397;381;341;358;328;347;343;272;285;316;231;265;300;314;284;332;329;312;281;303;267;221;202;180;170;114;126;112;84;56;39;33;83
3;12. la Marina del Prat Vermell - Zona Franca;1.172;12;7;9;7;13;3;8;6;16;12;13;16;13;7;7;12;9;9;20;12;21;17;12;13;10;15;11;23;19;17;19;15;20;13;16;16;16;20;19;13;10;15;16;23;23;19;24;14;17;13;28;15;18;18;20;14;14;11;16;14;14;10;10;6;11;7;11;13;18;8;7;4;5;5;13;6;6;11;16;15;14;17;12;6;13;5;7;5;6;2;3;2;0;2;1;3
3;13. la Marina de Port;30.271;256;276;286;284;323;294;277;292;308;296;300;291;303;277;269;293;284;288;288;330;298;317;338;330;313;323;367;337;410;377;406;425;420;432;477;477;511;537;505;524;510;512;507;486;469;490;488;437;527;515;454;479;473;426;407;433;382;368;317;302;336;275;287;300;347;295;298;274;293;268;235;236;298;189;233;271;280;271;283;288;266;234;223;168;145;158;142;84;89;73;69;43;30;20;11;38
3;14. la Font de la Guatlla;10.313;59;67;73;83;77;72;74;88;74;79;60;62;85;78;73;75;63;75;72;88;95;81;116;102;117;104;160;148;178;171;196;189;212;178;200;177;169;175;151;166;183;187;145;139;167;145;164;155;141;159;145;133;124;134;138;127;122;135;150;116;128;132;138;112;141;143;124;113;108;114;85;82;108;67;65;78;89;99;71;109;82;74;74;81;62;48;40;54;47;35;32;24;15;16;16;36
3;15. Hostafrancs;15.96;117;125;130;109;131;112;114;123;125;114;88;92;112;94;109;111;97;126;122;119;126;121;158;206;192;224;226;252;330;296;337;329;286;314;360;294;300;314;287;301;257;264;248;222;274;216;237;234;188;224;210;206;226;214;247;232;206;219;187;210;197;192;206;144;183;183;157;179;162;146;108;124;133;80;96;115;117;110;94;137;113;114;114;104;93;86;82;71;57;45;38;28;23;20;21;44
3;16. la Bordeta;18.577;142;166;131;154;155;130;139;129;145;138;136;137;134;136;121;137;141;148;155;167;164;170;175;195;220;238;240;256;309;278;303;295;302;302;316;255;314;312;328;297;265;251;268;278;264;273;273;251;321;286;266;240;296;296;281;287;294;278;236;237;238;222;225;250;238;232;197;221;176;175;143;164;196;107;143;157;176;188;170;147;166;136;132;135;119;93;94;67;69;62;52;30;32;27;15;32
3;17. Sants - Badal;24.351;184;184;175;192;184;178;204;178;187;169;157;142;158;184;159;167;172;149;210;182;226;253;250;284;283;319;333;367;382;440;420;440;429;430;441;415;409;435;410;368;400;369;343;313;334;318;353;370;373;320;331;343;372;348;356;360;370;303;325;333;292;328;317;327;300;304;264;270;264;278;205;214;232;141;170;171;189;210;207;207;194;190;190;163;148;145;139;106;96;79;68;35;27;35;17;46
3;18. Sants;41.057;347;335;305;338;330;306;312;296;285;268;276;286;310;307;264;278;305;293;288;333;345;373;386;409;449;551;552;657;639;746;832;757;748;735;770;766;726;752;771;687;686;576;629;618;612;608;568;622;607;557;562;580;562;575;571;522;508;532;478;482;456;420;445;464;432;448;446;452;405;409;340;340;409;239;266;309;417;338;347;376;329;365;356;321;273;246;228;212;180;157;101;94;79;58;48;84
4;19. les Corts;46.183;319;382;399;384;421;370;329;337;331;373;351;275;358;318;342;338;360;340;367;393;423;403;465;504;572;539;605;658;636;625;700;695;689;728;710;674;694;723;718;667;678;613;630;554;583;606;568;609;664;628;573;590;645;655;603;660;634;657;649;674;648;600;647;688;716;642;675;636;616;603;466;465;592;282;353;427;483;394;416;404;345;355;354;309;297;252;281;277;202;141;140;121;93;79;53;143
4;20. la Maternitat i Sant Ramon;23.667;178;195;176;184;164;194;181;181;204;175;190;176;176;172;175;199;146;187;203;221;191;183;232;269;276;309;357;349;341;349;347;388;395;347;323;345;357;333;346;333;320;372;294;296;280;289;280;297;302;294;301;304;313;313;321;321;300;333;308;315;375;354;341;353;352;337;315;357;352;344;259;232;297;168;187;247;200;226;237;214;203;191;200;154;152;132;133;114;95;67;70;49;45;42;16;57
4;21. Pedralbes;11.79;62;92;104;101;106;116;130;110;118;140;127;145;149;121;130;135;140;131;144;110;114;99;115;149;133;129;131;156;131;137;153;145;121;125;143;126;142;143;165;167;172;173;164;152;147;143;168;155;165;163;164;127;150;134;168;149;144;137;144;135;138;159;158;168;180;119;149;153;152;140;135;109;149;91;84;103;114;123;108;103;124;102;102;93;85;80;66;55;63;31;36;38;23;17;14;37
5;22. Vallvidrera, el Tibidabo i les Planes;4.437;34;46;49;46;70;45;72;56;67;62;67;58;55;55;53;59;44;35;44;40;50;40;49;36;36;37;38;46;31;45;55;55;46;45;53;72;66;57;73;101;78;93;73;84;70;97;77;102;74;79;74;66;84;45;77;67;71;47;48;43;58;36;45;43;43;37;38;43;34;38;28;30;38;19;21;25;27;25;18;28;30;20;19;13;20;8;18;20;16;13;8;12;11;5;5;8
5;23. Sarrià;24.45;225;261;290;329;296;297;309;310;338;300;298;251;295;271;268;260;262;266;233;271;238;248;246;268;214;243;228;250;236;287;272;290;286;353;335;355;315;365;401;380;379;417;347;376;344;340;381;361;361;340;318;323;369;306;300;278;276;288;252;294;263;245;265;259;275;242;234;264;252;233;188;200;244;140;147;174;208;209;216;170;194;171;190;154;163;146;159;122;105;112;87;81;68;44;40;96
5;24. les Tres Torres;15.984;118;164;176;204;187;194;208;189;183;219;198;168;199;195;173;195;170;175;187;182;220;240;200;199;172;156;164;174;170;161;142;198;176;161;203;178;202;241;247;240;197;218;262;202;233;227;245;238;261;224;235;203;217;214;206;218;164;185;179;157;178;181;189;158;210;172;175;184;173;162;138;158;159;109;105;136;132;139;136;115;115;113;113;96;98;77;73;68;50;51;46;35;26;22;15;64
5;25. Sant Gervasi - la Bonanova;24.607;224;234;240;266;265;249;272;275;269;290;270;258;244;245;250;243;249;290;241;286;283;238;238;252;265;251;266;276;296;266;265;304;279;318;273;323;353;348;367;407;406;358;387;348;325;356;312;371;370;325;351;322;315;349;340;313;293;284;271;296;258;272;292;258;297;289;281;294;263;269;239;228;238;158;164;221;233;222;228;193;212;180;197;166;146;148;163;150;107;116;81;87;59;40;32;106
5;26. Sant Gervasi - Galvany;46.486;337;423;425;419;478;472;488;443;465;508;459;489;504;468;449;473;459;487;487;432;521;440;487;452;499;508;523;495;597;520;554;596;574;590;576;613;657;680;680;660;685;681;677;641;659;669;713;679;723;676;670;670;636;659;576;647;548;563;528;520;482;518;505;539;551;520;494;524;520;491;451;473;530;284;328;385;475;406;401;385;413;390;408;363;313;301;320;230;250;211;189;152;108;91;66;212
5;27. el Putxet i el Farró;29.302;219;284;284;300;262;266;291;247;260;312;263;288;257;284;260;286;246;245;258;252;292;269;290;268;311;356;343;397;431;453;442;535;477;462;482;469;476;472;530;485;431;459;444;433;414;442;438;459;428;417;392;339;376;388;362;364;355;342;372;349;368;327;373;360;368;332;304;329;311;310;280;266;301;161;169;215;234;219;194;221;220;187;189;156;194;169;143;129;127;122;102;85;59;41;40;89
6;28. Vallcarca i els Penitents;15.453;143;133;133;136;143;139;153;141;142;134;139;125;132;129;103;145;106;95;125;138;120;133;133;150;150;167;168;208;191;211;211;258;229;223;265;264;259;257;270;267;274;263;238;243;215;217;241;247;225;215;181;191;203;203;200;188;206;184;184;171;179;155;193;216;178;163;196;208;182;181;145;153;187;93;108;127;154;125;156;143;121;105;131;103;87;84;87;78;65;60;55;39;29;29;22;59
6;29. el Coll;7.232;53;71;83;66;70;65;63;64;54;64;63;62;57;56;57;57;54;49;53;75;58;64;63;69;71;69;91;71;93;89;109;111;135;125;138;144;162;161;128;131;127;115;128;106;110;118;98;108;109;93;109;113;105;102;88;93;84;82;88;86;95;77;89;80;82;97;85;81;98;80;51;73;85;45;74;57;62;54;54;56;42;43;42;44;35;32;25;22;17;13;14;14;6;10;5;13
6;30. la Salut;13.21;113;123;97;110;129;108;88;115;125;102;101;87;92;92;107;95;110;106;126;101;124;101;130;130;144;134;174;186;210;190;230;219;229;218;228;206;214;213;221;208;188;193;178;186;177;161;162;165;157;159;151;163;164;157;176;175;167;159;169;165;174;180;172;177;197;179;181;177;161;150;150;133;155;84;94;136;105;124;125;115;111;112;101;85;71;84;84;71;60;56;39;38;29;20;24;48
6;31. la Vila de Gràcia;50.615;420;493;424;385;438;344;364;363;361;360;350;319;318;288;290;250;291;291;313;297;340;340;387;473;553;669;712;867;946;1.074;1.113;1.224;1.206;1.271;1.155;1.186;1.139;1.082;982;950;951;898;782;726;699;750;717;703;701;655;642;682;559;608;589;609;514;502;549;523;487;521;524;514;490;468;454;469;449;430;358;367;453;251;296;382;388;392;426;384;417;392;403;340;378;326;304;288;262;205;190;149;110;87;86;188
6;32. el Camp d'en Grassot i Gràcia Nova;34.439;273;287;287;271;285;257;278;256;269;254;263;230;225;249;212;229;251;261;275;276;273;290;284;328;326;391;442;457;512;535;612;596;617;642;622;592;592;596;581;503;527;520;479;472;496;464;475;482;491;483;459;425;476;459;458;459;471;408;439;439;463;437;428;497;445;453;383;434;415;354;338;314;411;213;283;326;321;321;275;272;304;264;235;262;240;220;183;178;165;136;118;97;88;61;45;99
7;33. el Baix Guinardó;25.641;184;193;214;183;167;196;173;197;179;163;186;178;184;185;170;192;172;185;195;217;233;221;256;261;243;296;307;313;365;345;390;403;409;422;434;444;485;461;405;378;412;375;383;362;357;326;372;347;375;369;374;367;350;340;355;321;363;352;308;311;304;275;274;300;276;292;280;304;294;277;232;246;274;163;210;253;257;242;306;242;266;248;262;226;211;175;162;160;147;133;118;88;75;44;33;89
7;34. Can Baró;8.969;78;58;81;67;98;75;80;72;76;55;82;65;69;77;59;69;70;49;89;70;76;73;79;90;112;104;101;107;120;122;136;130;134;130;160;169;164;138;145;149;130;138;138;132;129;131;155;151;131;138;135;111;135;122;124;129;122;102;89;99;111;96;89;113;118;109;116;105;95;110;99;63;101;60;84;71;86;83;86;91;82;78;57;77;63;44;59;44;41;23;19;26;10;11;12;18
7;35. el Guinardó;35.679;292;313;303;311;291;291;263;292;281;271;278;280;284;285;287;268;271;229;278;284;298;301;306;362;350;386;433;434;502;508;545;582;562;594;661;626;666;601;626;591;595;551;588;568;527;541;551;513;524;504;490;454;495;483;446;481;425;409;436;423;390;410;378;435;458;429;386;448;353;388;329;315;412;243;293;314;349;327;355;324;308;305;293;281;235;245;178;177;154;135;108;78;72;57;32;95
7;36. la Font d'en Fargues;9.49;68;70;81;87;98;89;117;86;113;101;94;114;80;105;74;82;80;83;90;82;84;72;75;84;79;92;94;96;93;97;101;108;108;113;137;143;130;156;160;169;147;149;144;125;129;127;156;136;141;147;137;124;138;158;157;123;128;126;101;156;120;120;133;159;142;128;132;131;116;114;101;82;107;62;83;87;89;78;72;70;66;63;73;51;51;45;45;38;47;31;31;25;14;17;7;26
7;37. el Carmel;31.789;256;277;280;317;334;295;262;280;282;253;266;257;276;248;250;261;258;253;268;281;281;269;268;293;331;321;387;348;416;447;475;483;541;562;576;572;632;613;599;597;505;531;503;502;499;497;452;490;437;490;431;398;400;361;349;325;338;358;296;358;357;332;343;405;434;416;376;429;409;375;347;302;390;266;308;348;299;340;285;303;221;238;202;171;147;130;130;101;90;83;60;46;36;30;16;39
7;38. la Teixonera;11.654;71;110;100;105;95;101;112;104;98;93;99;107;96;97;95;100;94;99;86;97;114;95;105;124;122;128;153;134;145;162;147;203;192;167;238;217;204;205;199;216;213;208;225;204;191;177;178;168;180;154;162;145;140;152;142;145;136;133;126;118;137;133;132;134;155;127;120;128;145;126;120;128;126;80;107;116;96;112;112;83;88;80;91;64;67;60;63;49;31;34;18;19;17;10;6;14
7;39. Sant Genís dels Agudells;6.935;49;50;56;53;52;60;54;52;62;48;61;55;54;60;58;46;58;50;52;48;60;70;49;76;72;65;72;68;76;74;99;83;104;92;88;114;105;95;112;114;114;97;116;110;103;105;103;120;129;116;85;84;70;84;83;84;69;67;68;72;85;59;66;82;81;79;67;74;79;88;60;90;98;61;86;112;98;112;106;100;89;78;73;66;48;63;35;36;27;14;20;13;12;3;8;22
7;40. Montbau;5.111;32;37;42;51;48;49;29;46;42;36;47;36;30;40;40;59;37;42;38;33;25;37;23;43;33;42;36;57;43;62;44;47;67;69;62;77;69;81;67;80;69;88;81;89;84;89;105;94;91;90;75;64;70;37;48;46;55;27;31;37;31;40;26;41;41;26;44;40;49;44;48;51;82;33;61;77;96;92;85;94;92;80;74;63;66;56;52;47;56;29;32;28;25;11;15;36
7;41. la Vall d'Hebron;5.494;38;34;30;40;47;48;49;51;43;54;50;42;51;42;50;58;48;38;47;44;48;54;53;43;48;60;66;55;47;60;39;66;57;68;70;56;75;74;78;76;91;79;91;82;68;81;84;93;101;89;93;103;96;86;82;80;70;73;58;77;63;58;57;73;95;70;74;99;92;81;72;61;74;44;56;63;67;56;44;40;47;43;39;43;44;31;29;22;22;17;12;10;5;6;1;10
7;42. la Clota;438;2;4;7;7;4;5;7;2;5;4;3;2;1;5;4;5;3;2;6;5;5;3;2;2;4;6;3;7;4;7;6;10;6;7;8;8;5;10;9;9;6;7;4;4;12;9;6;5;5;4;5;6;5;6;4;2;4;7;1;0;3;7;2;5;2;4;2;6;5;9;3;3;5;2;6;8;9;8;2;4;2;3;1;5;5;1;1;4;7;1;2;1;1;2;0;1
7;43. Horta;26.543;195;206;202;204;223;219;221;239;211;221;189;224;193;190;191;184;189;216;194;216;251;236;218;245;276;306;293;314;327;318;336;378;326;390;395;414;440;475;445;391;421;443;433;409;402;395;403;389;427;385;395;360;342;373;340;306;306;332;291;291;302;298;315;316;356;347;339;337;366;317;274;288;318;212;253;305;289;270;278;284;255;265;215;198;159;177;167;128;120;108;94;54;49;47;26;73
8;44. Vilapicina i la Torre Llobeta;25.543;197;215;172;202;230;219;195;217;221;195;188;178;203;182;188;196;195;192;232;225;213;235;220;234;234;256;284;283;319;328;346;334;362;371;424;386;435;439;429;412;426;385;364;374;373;399;389;370;385;386;349;363;345;361;354;346;317;331;295;307;310;300;288;312;355;281;319;334;304;273;233;246;287;189;235;254;279;266;282;285;261;242;202;215;167;177;149;144;126;93;82;65;51;26;25;81
8;45. Porta;24.193;187;206;191;209;195;235;186;172;181;204;172;169;163;183;178;185;157;161;159;193;209;198;191;212;211;257;262;278;282;290;314;355;385;436;453;453;439;427;421;386;437;404;411;370;368;338;361;349;379;331;324;306;290;283;270;263;244;265;239;233;250;248;238;286;324;318;308;333;297;300;249;258;307;202;254;293;297;290;294;296;285;232;246;180;192;118;136;118;102;77;72;44;37;38;15;49
8;46. el Turó de la Peira;15.593;160;132;120;153;169;139;134;130;139;134;118;110;114;129;113;133;115;126;142;150;145;170;147;157;169;168;189;194;208;190;244;238;234;262;245;286;268;252;242;252;256;247;213;227;231;230;230;248;245;218;238;235;214;209;195;165;143;167;132;120;120;112;102;107;102;101;92;121;113;102;99;102;172;77;126;179;186;207;219;218;215;221;213;223;182;178;159;117;83;92;54;37;28;15;12;24
8;47. Can Peguera;2.23;20;25;16;16;22;20;19;15;23;17;12;16;20;21;14;26;17;30;18;28;27;18;25;28;30;16;20;28;20;28;32;27;21;36;29;33;42;30;30;28;33;36;31;35;30;36;36;45;40;32;40;29;26;30;39;23;30;24;24;35;16;20;13;13;27;26;22;15;22;21;19;16;28;12;23;29;30;22;21;26;30;26;23;24;18;20;18;16;12;5;4;4;4;2;0;6
8;48. la Guineueta;15.117;116;114;122;123;123;126;143;137;129;108;120;101;118;112;111;118;122;115;110;131;107;121;131;130;112;131;130;150;142;138;176;183;175;199;218;233;217;232;231;222;218;247;221;260;214;215;247;214;243;208;214;207;175;172;176;164;163;177;168;174;177;167;182;220;233;222;215;256;205;247;171;186;209;121;181;199;211;202;202;181;162;155;159;114;132;115;95;71;67;60;43;31;28;14;14;16
8;49. Canyelles;7.102;43;55;52;49;46;43;65;50;56;66;61;58;64;62;42;59;64;59;66;60;67;53;70;80;79;86;79;65;78;90;90;87;81;110;105;77;83;111;93;92;93;110;100;106;102;115;114;97;98;85;83;86;100;88;102;125;132;136;147;140;115;99;109;110;113;112;90;114;95;104;75;64;102;44;61;67;81;65;51;68;70;50;45;55;24;40;25;22;21;11;16;15;1;7;2;4
8;50. les Roquetes;15.768;153;186;178;155;181;152;155;153;149;166;149;148;130;151;129;135;137;134;154;156;171;182;180;184;209;195;251;207;257;221;271;280;297;294;318;301;272;287;262;284;257;260;288;238;237;253;242;244;234;200;198;176;182;194;192;193;173;160;144;149;172;141;127;182;190;176;167;173;151;157;126;112;155;74;110;136;128;103;125;111;113;92;98;92;65;58;43;35;34;35;33;16;17;16;3;14
8;51. Verdun;12.329;105;123;117;120;123;122;84;100;118;99;91;72;107;102;87;89;96;93;87;113;115;77;123;122;142;164;174;155;160;161;196;218;209;217;209;218;218;199;235;223;210;196;196;172;191;187;193;176;169;171;164;158;145;144;145;161;114;150;106;116;107;128;107;126;132;133;140;158;141;138;127;110;137;126;110;139;152;140;119;128;116;104;117;80;82;64;52;44;55;48;37;26;17;14;10;18
8;52. la Prosperitat;26.299;213;225;242;217;264;225;222;211;222;211;220;222;203;237;200;209;200;189;213;208;240;213;256;231;248;280;263;283;315;315;370;402;442;431;427;493;458;476;461;448;415;411;391;395;397;404;369;363;374;359;315;338;328;287;331;277;302;289;254;262;281;257;302;277;327;321;343;380;368;343;313;294;425;250;273;333;306;316;273;295;254;220;205;168;169;144;99;105;99;77;69;54;34;19;12;28
8;53. la Trinitat Nova;7.551;85;81;67;70;75;76;81;87;73;80;72;78;67;73;54;86;58;74;62;74;72;76;80;89;83;77;81;102;95;102;106;100;119;141;127;133;130;119;126;109;117;140;116;143;107;109;104;117;104;108;106;103;97;99;112;114;88;84;94;75;84;56;62;60;71;71;60;54;60;41;38;39;42;41;51;54;61;62;71;73;69;85;91;79;65;54;46;47;43;37;29;25;18;9;4;22
8;54. Torre Baró;2.192;22;24;21;20;26;30;23;22;26;27;25;28;26;22;27;31;20;25;20;24;35;29;27;29;30;24;33;26;27;32;35;28;35;31;35;34;30;38;24;43;42;35;28;44;28;38;34;31;44;32;32;31;16;42;33;28;23;26;26;19;26;25;24;23;21;14;16;24;16;17;20;12;18;17;14;19;18;15;13;14;8;8;12;6;8;5;9;6;9;2;0;1;0;1;1;4
8;55. Ciutat Meridiana;10.485;115;106;119;109;137;118;129;114;106;119;97;96;103;118;110;89;106;102;99;132;116;126;123;129;151;120;130;148;163;162;192;176;201;191;182;210;206;192;231;209;198;175;165;153;162;151;159;174;161;131;113;128;107;96;96;104;92;85;83;86;89;81;101;108;117;126;103;97;104;114;103;95;118;79;69;88;98;69;52;92;65;54;47;33;31;29;26;21;17;11;13;9;9;6;4;6
8;56. Vallbona;1.346;20;12;17;16;31;13;24;19;15;11;12;15;9;9;19;12;6;9;8;12;17;17;12;10;10;12;18;11;15;16;18;17;17;38;40;32;31;32;33;30;29;20;27;20;21;11;22;23;17;16;8;13;19;12;21;10;14;12;10;15;19;11;4;6;8;10;10;9;7;10;4;13;7;8;5;15;11;10;9;8;10;9;9;7;13;5;6;8;8;7;3;5;3;3;2;9
9;57. la Trinitat Vella;10.423;127;136;145;130;164;120;98;111;91;96;92;92;91;104;108;118;99;112;117;118;113;127;142;129;150;135;125;151;156;167;188;203;190;192;227;234;241;216;203;188;203;217;183;148;173;172;162;139;130;145;143;147;128;109;112;113;91;93;77;75;95;94;88;95;100;94;80;90;76;85;72;51;90;48;59;62;60;73;48;55;62;44;49;45;33;30;27;29;19;11;13;7;10;5;8;10
9;58. Baró de Viver;2.415;17;25;37;24;35;36;21;23;23;25;32;28;29;27;30;29;18;17;22;17;44;26;20;29;32;22;16;35;26;30;36;38;43;49;49;43;45;46;25;39;42;34;39;55;27;37;29;51;29;22;39;38;33;28;27;31;39;31;28;24;20;28;20;19;18;23;15;22;22;14;19;9;35;14;10;25;11;17;11;12;29;23;13;13;13;10;12;13;11;6;6;5;1;1;1;3
9;59. el Bon Pastor;12.8;124;166;185;194;151;172;203;142;143;132;139;125;117;119;112;107;82;113;98;118;103;110;107;116;118;118;135;140;169;159;182;196;212;231;239;282;281;323;291;307;245;236;230;242;201;196;212;200;199;168;162;133;141;131;144;136;129;103;100;120;91;94;101;134;156;130;109;141;107;126;85;89;115;75;97;101;110;103;87;90;91;85;80;62;64;64;48;33;33;28;27;18;11;15;2;9
9;60. Sant Andreu;56.476;464;535;553;551;524;549;515;467;470;500;449;467;459;447;411;447;424;416;429;449;470;487;474;525;549;578;624;694;673;728;771;828;893;910;996;1.033;1.042;1.064;1.025;1.016;1.032;976;874;844;864;819;815;801;810;768;781;747;838;830;850;832;776;778;695;722;769;767;723;795;815;731;661;698;575;624;509;436;591;298;380;463;487;431;422;458;409;403;382;340;262;274;275;238;178;149;145;125;85;63;32;125
9;61. la Sagrera;28.911;220;250;237;255;242;235;236;199;220;199;210;182;222;224;189;218;223;213;224;262;256;282;270;274;322;334;357;382;374;411;451;448;477;478;517;492;493;454;453;484;412;397;423;405;402;442;405;381;399;401;398;404;379;383;417;419;436;419;372;465;432;411;435;395;436;372;381;364;355;293;270;249;308;184;228;269;296;261;255;253;225;201;184;161;175;155;146;116;109;82;71;59;40;35;26;51
9;62. el Congrés i els Indians;14.01;109;123;122;122;125;122;128;109;107;99;98;121;113;124;106;98;106;122;100;117;136;131;121;114;144;124;128;151;150;166;194;214;215;226;230;247;239;245;241;227;233;242;208;215;218;207;227;232;194;195;225;213;221;175;190;159;186;164;134;115;142;140;126;143;143;124;112;159;131;133;113;108;142;69;92;121;129;137;152;169;169;175;185;159;125;143;126;95;96;64;51;36;44;26;18;46
9;63. Navas;21.811;132;179;179;163;172;168;168;152;167;185;166;185;171;172;148;181;182;159;178;204;190;192;204;225;225;254;246;251;283;294;322;264;336;317;343;358;376;396;347;347;308;325;350;345;320;316;336;319;322;313;337;294;290;332;306;289;308;290;242;281;268;247;258;290;293;319;254;288;291;238;224;184;228;156;178;216;232;208;200;216;177;181;190;166;151;127;120;97;88;76;67;42;29;40;17;51
10;64. el Camp de l'Arpa del Clot;37.933;247;304;287;305;282;284;288;265;267;268;267;247;269;267;253;273;257;272;298;261;296;289;312;367;415;415;498;538;552;591;610;663;698;668;714;703;728;709;672;662;588;583;551;509;507;562;559;555;589;536;510;502;506;490;539;473;488;459;469;494;464;449;470;522;532;501;465;493;466;416;348;345;394;202;285;292;374;320;321;346;301;304;290;266;271;228;215;196;157;160;125;105;68;59;38;115
10;65. el Clot;27.169;213;224;209;268;253;246;251;241;247;214;212;241;238;250;243;239;218;226;249;217;219;253;254;286;291;311;340;377;397;383;385;441;458;443;445;432;441;482;462;440;421;436;479;448;403;435;415;445;436;432;417;411;433;438;431;395;375;420;338;378;377;334;319;354;329;313;257;262;254;229;213;190;256;128;160;172;224;208;187;200;186;163;178;152;142;142;114;104;108;72;52;51;31;21;17;45
10;66. el Parc i la Llacuna del Poblenou;14.355;117;137;131;124;118;83;125;109;105;113;103;88;91;97;93;99;85;96;91;113;129;137;155;177;173;217;212;239;237;266;256;312;277;289;296;317;296;286;266;224;244;205;184;203;206;194;202;204;180;196;215;196;168;213;207;193;178;183;176;177;198;168;157;187;194;138;149;140;136;155;120;94;130;64;86;114;103;92;117;119;105;107;113;84;75;57;55;54;64;44;34;26;24;13;12;24
10;67. la Vila Olímpica del Poblenou;9.319;76;105;97;108;112;110;83;103;126;109;120;116;140;132;114;145;127;116;117;113;97;99;76;81;68;75;107;89;90;100;100;102;146;129;129;152;144;156;172;158;154;164;151;156;155;161;176;195;222;176;187;185;171;161;168;156;176;126;132;118;105;116;102;125;93;100;69;73;72;54;46;42;50;32;34;31;31;33;34;27;24;24;24;20;24;14;14;13;14;6;6;8;5;8;6;11
10;68. el Poblenou;32.838;303;379;376;355;388;359;409;400;380;339;313;292;303;268;234;246;225;232;223;233;238;218;223;280;290;308;368;390;411;457;504;543;601;589;651;746;729;731;753;704;760;669;685;599;616;572;563;546;550;489;456;419;434;406;385;390;358;342;297;336;279;284;261;281;299;266;271;272;282;256;179;232;267;143;180;223;231;221;245;240;197;244;226;194;206;188;164;136;116;87;78;68;44;34;23;58
10;69. Diagonal Mar i el Front Marítim del Poblenou;12.894;170;218;186;177;212;191;203;178;166;147;140;125;134;103;84;81;65;78;69;71;75;69;55;73;81;76;111;142;137;197;224;243;272;282;280;276;334;336;323;336;344;341;285;263;242;246;249;184;167;164;175;171;161;125;131;114;109;103;112;98;106;131;91;99;107;121;111;126;110;110;107;95;95;66;65;72;87;56;73;70;61;67;55;34;52;30;40;25;30;20;17;16;10;8;3;24
10;70. el Besòs i el Maresme;23.118;199;241;245;225;259;239;215;206;199;174;181;189;199;186;205;185;209;197;212;208;229;262;278;303;337;319;336;345;353;406;402;392;422;399;425;400;378;390;382;383;332;345;323;351;342;362;325;354;338;340;357;332;333;342;292;314;275;306;249;248;245;208;196;194;188;168;152;168;183;158;134;129;164;105;168;225;226;244;235;254;209;218;192;167;151;122;112;96;89;66;48;43;28;20;9;30
10;71. Provençals del Poblenou;20.052;187;217;200;183;191;201;201;182;181;176;130;134;172;152;142;166;166;192;174;185;206;182;213;219;255;229;232;232;254;303;294;334;321;369;355;401;410;404;360;375;342;312;302;331;348;298;323;306;318;348;339;343;293;314;301;243;250;241;218;249;215;209;196;216;220;176;187;178;191;151;140;141;150;101;146;161;141;149;174;162;151;127;152;109;97;85;96;67;63;57;41;24;19;13;13;35
10;72. Sant Martí de Provençals;25.994;204;221;208;193;208;236;204;243;201;198;221;193;199;196;183;204;181;203;207;199;189;205;219;231;235;250;233;315;315;322;300;313;405;404;421;412;412;439;390;449;419;431;404;397;404;432;390;396;350;330;368;338;331;361;349;302;306;310;315;260;291;278;281;315;310;308;307;365;353;346;312;303;341;213;277;278;296;296;262;286;311;267;233;221;214;178;168;135;122;93;81;53;47;31;19;49
10;73. la Verneda i la Pau;29.154;213;227;255;226;253;236;259;232;235;232;206;258;235;220;199;244;231;223;257;268;254;261;271;305;296;299;302;315;365;323;371;350;403;413;416;507;474;503;420;442;478;407;441;401;428;431;441;395;412;397;386;389;407;393;366;382;343;321;360;326;365;345;338;400;392;394;390;411;400;406;334;287;396;285;308;319;333;326;320;307;287;267;268;213;194;175;148;131;129;89;90;47;40;34;22;61
